term,cosine_similarity
infiltration,0.7011723
standardization,0.66493917
interval,0.6626617
transformation,0.66089463
generation,0.66051066
enhancement,0.65207696
specialization,0.6495074
alteration,0.64901584
configuration,0.64874136
fabrication,0.6434841
tokenization,0.63284993
workflow,0.6324588
engine,0.62909085
rectification,0.62322986
processor,0.6157811
prototype,0.61360323
training,0.61081755
learning,0.61022377
modification,0.60965204
encoder,0.60768485
education,0.60765105
confinement,0.6054195
optimization,0.60455936
modulation,0.5975341
radiation,0.59541374
architecture,0.59344554
retrieval,0.59240794
dispersion,0.58979356
vision,0.58858323
transformer,0.58844984
circulation,0.5883736
adaptation,0.58205056
gathering,0.5814586
vectorization,0.5803455
iteration,0.5802788
scattering,0.5790694
calibration,0.57878405
analyzer,0.57389295
cognition,0.5731593
partitioning,0.57290345
sampling,0.5669061
transliterating,0.5602933
command,0.5600282
propagation,0.5599416
blueprint,0.55803084
creation,0.5552235
prompt,0.5547682
assigning,0.5535475
formation,0.5516593
system,0.5513686
stream,0.5478895
corpus,0.5472243
instability,0.53308505
regularization,0.5308225
archive,0.52893007
figment,0.5277345
database,0.5275483
transducer,0.5260519
synthesis,0.525963
localization,0.52589726
interpreter,0.52355856
collection,0.52162087
memorization,0.51896274
symbolizing,0.51882625
refinement,0.5170928
fixation,0.51624525
selection,0.5110111
equalization,0.5091445
illusion,0.5028151
tuning,0.50064945
network,0.4997077
segmentation,0.49581343
gradient,0.49460626
entropy,0.49346274
randomness,0.4934392
anthology,0.49207917
dataset,0.48893017
permeation,0.48808834
erudition,0.4877172
distribution,0.4875295
invention,0.4863542
mastery,0.48428422
delusion,0.48218897
hallucination,0.48120034
diversity,0.47589466
sourcing,0.47237313
library,0.47126243
extraction,0.46617675
route,0.46226966
register,0.46037555
harvesting,0.4589646
lexing,0.4579392
composition,0.4555362
abstraction,0.45151213
plotting,0.44530156
positioning,0.44445598
embedding,0.44219452
temperature,0.44030684
dissipation,0.4396047
graphing,0.43913853
understanding,0.43870145
dividing,0.43497056
decoder,0.43448234
representation,0.43250215
process,0.43160832
catalog,0.4309676
production,0.43089825
incline,0.4222595
converter,0.4210567
origination,0.4144385
capture,0.4108497
acquisition,0.40563917
adapter,0.4047832
search,0.4007283
diffusion,0.39895242
mirage,0.39334315
moderation,0.3904336
culling,0.3835802
construction,0.38013214
overfitting,0.379606
rendering,0.37835798
mapper,0.3756749
limitation,0.36965868
fetching,0.36924502
model,0.36803603
setting,0.360555
structure,0.35289586
schooling,0.3516959
falsity,0.34683788
knowledge,0.3457547
scope,0.34314784
field,0.3423754
choosing,0.34114516
epoch,0.33586305
inflexibility,0.33568287
projection,0.33522418
deception,0.32761195
subset,0.32729003
signal,0.32592854
repository,0.31741908
stage,0.31442386
reference,0.3124116
mixing,0.3114401
rigidity,0.30950168
reduction,0.30744267
hint,0.305905
span,0.30344844
variation,0.3033374
phase,0.30265686
portion,0.2990469
stabilization,0.29896614
dilution,0.28856027
sequence,0.28758702
phantasm,0.28661558
chunking,0.2815549
era,0.28109613
framework,0.2763976
round,0.2671044
splitting,0.26593614
constraint,0.2628822
restriction,0.26086295
background,0.260067
compendium,0.25961775
cue,0.25880596
request,0.25421453
environment,0.25137746
drawing,0.24714634
instruction,0.24634735
balancing,0.24410641
myth,0.24062364
pipeline,0.24026938
obsession,0.23793192
study,0.23655415
algorithm,0.23414809
adjustment,0.22377917
pathway,0.22056669
breaking,0.21902713
fantasy,0.2040068
smoothing,0.2026622
schema,0.19696108
normalization,0.19373336
perspective,0.19314831
parser,0.18945464
track,0.18880343
session,0.1813406
correction,0.17554487
context,0.16772793
recovery,0.16149116
course,0.161193
volatility,0.15667021
change,0.15092415
pitch,0.14620632
query,0.1451016
recall,0.14436775
tilt,0.12737188
range,0.12719801
fluctuation,0.12443408
picking,0.11966136
trigger,0.115643226
cycle,0.11379297
chain,0.109696485
input,0.10505888
uncertainty,0.10280864
stimulus,0.10140313
inventory,0.083288886
situation,0.07479434
rate,0.07288751
shift,0.06035586
bias,0.048683148
degree,0.04062688
lookup,0.033412673
ramp,-0.009870934
period,-0.025226127
:,-0.027640564
take,-0.03149956
pull,-0.044495493
spread,-0.080616504
slope,-0.103920616
backdrop,-0.10506285
